datetime,hourly_1,hourly_2
11/24/2023 0:00,0,0
11/24/2023 1:00,0,0
11/24/2023 2:00,0,0
11/24/2023 3:00,0,0
11/24/2023 4:00,0,0
11/24/2023 5:00,0,0
11/24/2023 6:00,0,0
11/24/2023 7:00,0,0
11/24/2023 8:00,0,0
11/24/2023 9:00,0,0
11/24/2023 10:00,0,0
11/24/2023 11:00,0.2,0
11/24/2023 12:00,0.2,0
11/24/2023 13:00,-0.1,0
11/24/2023 14:00,0,0
11/24/2023 15:00,-0.2,0
11/24/2023 16:00,-0.2,0
11/24/2023 17:00,0.2,0
11/24/2023 18:00,-0.1,0
11/24/2023 19:00,-0.2,0
11/24/2023 20:00,0,0
11/24/2023 21:00,0.2,0
11/24/2023 22:00,0.1,0
11/24/2023 23:00,0,0
11/25/2023 0:00,0,0
11/25/2023 1:00,0,0
11/25/2023 2:00,0.1,0
11/25/2023 3:00,0,0
11/25/2023 4:00,0.2,0
11/25/2023 5:00,-0.3,0
11/25/2023 6:00,0.1,0
11/25/2023 7:00,-0.1,0
11/25/2023 8:00,0,0
11/25/2023 9:00,0.1,0
11/25/2023 10:00,0,0
11/25/2023 11:00,0.1,0
11/25/2023 12:00,-0.2,0
11/25/2023 13:00,0,0
11/25/2023 14:00,-0.2,0
11/25/2023 15:00,0.2,0
11/25/2023 16:00,-0.2,0
11/25/2023 17:00,0,0
11/25/2023 18:00,-0.1,0
11/25/2023 19:00,0.3,0
11/25/2023 20:00,0.1,0
11/25/2023 21:00,-0.1,0
11/25/2023 22:00,-0.2,0
11/25/2023 23:00,0,0
11/26/2023 0:00,0,0
11/26/2023 1:00,0.1,0
11/26/2023 2:00,0.1,0
11/26/2023 3:00,0.2,0
11/26/2023 4:00,-0.2,0
11/26/2023 5:00,0.2,0
11/26/2023 6:00,-0.1,0
11/26/2023 7:00,-0.1,0
11/26/2023 8:00,0.2,0
11/26/2023 9:00,0,0
11/26/2023 10:00,-0.1,0
11/26/2023 11:00,-0.1,0
11/26/2023 12:00,0.2,0
11/26/2023 13:00,-0.2,0
11/26/2023 14:00,-0.1,0
11/26/2023 15:00,0,0
11/26/2023 16:00,0.2,0
11/26/2023 17:00,-0.1,0
11/26/2023 18:00,-0.1,0
11/26/2023 19:00,0,0
11/26/2023 20:00,0,0
11/26/2023 21:00,-0.1,0
11/26/2023 22:00,0.2,0
11/26/2023 23:00,0,0
11/27/2023 0:00,-0.1,0
11/27/2023 1:00,-0.2,0
11/27/2023 2:00,0.3,0
11/27/2023 3:00,-0.1,0
11/27/2023 4:00,0.1,0
11/27/2023 5:00,0,0
11/27/2023 6:00,0.1,0
11/27/2023 7:00,-0.1,0
11/27/2023 8:00,0.2,0
11/27/2023 9:00,0,0
11/27/2023 10:00,0,0
11/27/2023 11:00,-0.2,0
11/27/2023 12:00,0.1,0
11/27/2023 13:00,0.3,0
11/27/2023 14:00,-0.5,0
11/27/2023 15:00,0.3,0
11/27/2023 16:00,-0.2,0
11/27/2023 17:00,-0.3,0
11/27/2023 18:00,0.3,0
11/27/2023 19:00,0,0
11/27/2023 20:00,0.1,0
11/27/2023 21:00,-0.3,0
11/27/2023 22:00,0.2,0
11/27/2023 23:00,0,0
11/28/2023 0:00,0.2,0
11/28/2023 1:00,0,0
11/28/2023 2:00,-0.1,0
11/28/2023 3:00,0.1,0
11/28/2023 4:00,0,0
11/28/2023 5:00,0,0
11/28/2023 6:00,-0.1,0
11/28/2023 7:00,0.1,0
11/28/2023 8:00,0,0
11/28/2023 9:00,0,0
11/28/2023 10:00,0.2,0
11/28/2023 11:00,0,0
11/28/2023 12:00,-0.2,0
11/28/2023 13:00,0.2,0
11/28/2023 14:00,-0.1,0
11/28/2023 15:00,0,0
11/28/2023 16:00,0,0
11/28/2023 17:00,0,0
11/28/2023 18:00,-0.1,0
11/28/2023 19:00,-0.2,0
11/28/2023 20:00,0.4,0
11/28/2023 21:00,0,0
11/28/2023 22:00,-0.1,0
11/28/2023 23:00,-0.1,0
11/29/2023 0:00,0.1,0
11/29/2023 1:00,0.1,0
11/29/2023 2:00,-0.2,0
11/29/2023 3:00,0.1,0
11/29/2023 4:00,0.1,0
11/29/2023 5:00,-0.1,0
11/29/2023 6:00,0,0
11/29/2023 7:00,-0.1,0
11/29/2023 8:00,0.2,0
11/29/2023 9:00,-0.2,0
11/29/2023 10:00,0.2,0
11/29/2023 11:00,0,0
11/29/2023 12:00,0.3,0
11/29/2023 13:00,-0.2,0
11/29/2023 14:00,0,0
11/29/2023 15:00,-0.1,0
11/29/2023 16:00,-0.2,0
11/29/2023 17:00,0.1,0
11/29/2023 18:00,0,0
11/29/2023 19:00,0.2,0
11/29/2023 20:00,-0.2,0
11/29/2023 21:00,0.1,0
11/29/2023 22:00,-0.1,0
11/29/2023 23:00,0,0
11/30/2023 0:00,0.2,0
11/30/2023 1:00,-0.1,0
11/30/2023 2:00,-0.2,0
11/30/2023 3:00,0,0
11/30/2023 4:00,0.3,0
11/30/2023 5:00,0.1,0
11/30/2023 6:00,-0.1,0
11/30/2023 7:00,0,0
11/30/2023 8:00,-0.1,0
11/30/2023 9:00,0,0
11/30/2023 10:00,0.2,0
11/30/2023 11:00,0.2,0
11/30/2023 12:00,-0.1,0
11/30/2023 13:00,0,0
11/30/2023 14:00,-0.2,0.1
11/30/2023 15:00,0.2,0
11/30/2023 16:00,0.3,0.3
11/30/2023 17:00,0,0.1
11/30/2023 18:00,0.7,0.9
11/30/2023 19:00,1.1,1.4
11/30/2023 20:00,1.5,1.8
11/30/2023 21:00,1.8,1.7
11/30/2023 22:00,3.2,1.3
11/30/2023 23:00,1.4,0.8
12/1/2023 0:00,0.4,0.1
12/1/2023 1:00,0.2,0.1
12/1/2023 2:00,0.5,0.3
12/1/2023 3:00,1.6,1.3
12/1/2023 4:00,3.5,2.4
12/1/2023 5:00,1.5,1.1
12/1/2023 6:00,2,2
12/1/2023 7:00,1.9,1.6
12/1/2023 8:00,1.1,1.1
12/1/2023 9:00,0.6,0.8
12/1/2023 10:00,1.1,1.3
12/1/2023 11:00,0.3,0.4
12/1/2023 12:00,0.1,0.1
12/1/2023 13:00,0.1,0
12/1/2023 14:00,0.1,0
12/1/2023 15:00,-0.2,0
12/1/2023 16:00,0,0
12/1/2023 17:00,0.1,0
12/1/2023 18:00,0.1,0.1
12/1/2023 19:00,1.6,1.6
12/1/2023 20:00,1.6,1.3
12/1/2023 21:00,3.5,3.3
12/1/2023 22:00,4.1,3.4
12/1/2023 23:00,2.5,3.8
12/2/2023 0:00,3.6,3.9
12/2/2023 1:00,3.9,3.7
12/2/2023 2:00,5.4,5
12/2/2023 3:00,4.3,5.4
12/2/2023 4:00,7,5.2
12/2/2023 5:00,5.3,3.5
12/2/2023 6:00,0.3,0
12/2/2023 7:00,-0.1,0
12/2/2023 8:00,0.1,0
12/2/2023 9:00,0,0
12/2/2023 10:00,0.2,0
12/2/2023 11:00,-0.2,0
12/2/2023 12:00,0.1,0
12/2/2023 13:00,-0.1,0
12/2/2023 14:00,0.1,0
12/2/2023 15:00,-0.2,0
12/2/2023 16:00,0.1,0
12/2/2023 17:00,-0.1,0
12/2/2023 18:00,0.1,0
12/2/2023 19:00,0,0
12/2/2023 20:00,0,0
12/2/2023 21:00,-0.1,0
12/2/2023 22:00,0,0
12/2/2023 23:00,0.6,0.3
12/3/2023 0:00,2.3,1.4
12/3/2023 1:00,0.3,0.1
12/3/2023 2:00,0,0.1
12/3/2023 3:00,0,0
12/3/2023 4:00,0.1,0
12/3/2023 5:00,-0.1,0
12/3/2023 6:00,0.5,0.5
12/3/2023 7:00,1.3,1.3
12/3/2023 8:00,1,1.1
12/3/2023 9:00,1.3,1.2
12/3/2023 10:00,1,0.5
12/3/2023 11:00,3.1,1.3
12/3/2023 12:00,2.8,1.1
12/3/2023 13:00,-0.1,0
12/3/2023 14:00,-0.2,0
12/3/2023 15:00,0.1,0
12/3/2023 16:00,0,0
12/3/2023 17:00,-0.1,0
12/3/2023 18:00,0.1,0
12/3/2023 19:00,-0.1,0
12/3/2023 20:00,0.3,0
12/3/2023 21:00,0,0
12/3/2023 22:00,0,0
12/3/2023 23:00,-0.1,0
12/4/2023 0:00,0,0
12/4/2023 1:00,0,0.1
12/4/2023 2:00,0.1,0
12/4/2023 3:00,0.2,0.1
12/4/2023 4:00,0.2,0
12/4/2023 5:00,-0.1,0
12/4/2023 6:00,0,0
12/4/2023 7:00,-0.2,0
12/4/2023 8:00,0.1,0
12/4/2023 9:00,0,0
12/4/2023 10:00,0.8,0.7
12/4/2023 11:00,1.4,1.1
12/4/2023 12:00,2.7,2.2
12/4/2023 13:00,3.2,3.4
12/4/2023 14:00,6.4,4.8
12/4/2023 15:00,11.2,10.4
12/4/2023 16:00,9.6,9.5
12/4/2023 17:00,9.9,8.9
12/4/2023 18:00,9.2,10.2
12/4/2023 19:00,10.8,7.1
12/4/2023 20:00,13.9,13.6
12/4/2023 21:00,12.2,10.8
12/4/2023 22:00,10.4,6.7
12/4/2023 23:00,8.1,6.2
12/5/2023 0:00,1.1,1.7
12/5/2023 1:00,6.5,4.1
12/5/2023 2:00,5.6,6
12/5/2023 3:00,1.5,1
12/5/2023 4:00,3.2,1.2
12/5/2023 5:00,4.1,3.9
12/5/2023 6:00,0.1,0
12/5/2023 7:00,0,0
12/5/2023 8:00,-0.2,0
12/5/2023 9:00,0,0
12/5/2023 10:00,0,0
12/5/2023 11:00,0.1,0
12/5/2023 12:00,0,0
12/5/2023 13:00,0.1,0
12/5/2023 14:00,-0.1,0
12/5/2023 15:00,0.1,0
12/5/2023 16:00,0.1,0
12/5/2023 17:00,-0.2,0
12/5/2023 18:00,0,0
12/5/2023 19:00,-0.1,0
12/5/2023 20:00,0.2,0.1
12/5/2023 21:00,1.2,0.9
12/5/2023 22:00,1,1.2
12/5/2023 23:00,0.3,0
12/6/2023 0:00,0.2,0.1
12/6/2023 1:00,2,1.3
12/6/2023 2:00,0.1,0
12/6/2023 3:00,0,0
12/6/2023 4:00,0.1,0.1
12/6/2023 5:00,0.7,1.2
12/6/2023 6:00,2.2,1.9
12/6/2023 7:00,1.8,1.6
12/6/2023 8:00,0.3,0.1
12/6/2023 9:00,0.8,0.2
12/6/2023 10:00,0.4,0
12/6/2023 11:00,-0.1,0
12/6/2023 12:00,-0.1,0
12/6/2023 13:00,0,0
12/6/2023 14:00,0,0
12/6/2023 15:00,-0.1,0
12/6/2023 16:00,0.2,0
12/6/2023 17:00,0,0
12/6/2023 18:00,0,0
12/6/2023 19:00,-0.2,0
12/6/2023 20:00,0.1,0
12/6/2023 21:00,-0.1,0
12/6/2023 22:00,0.3,0
12/6/2023 23:00,-0.1,0
12/7/2023 0:00,0,0
12/7/2023 1:00,-0.1,0
12/7/2023 2:00,-0.1,0
12/7/2023 3:00,0.3,0
12/7/2023 4:00,0,0
12/7/2023 5:00,0.1,0
12/7/2023 6:00,-0.3,0
12/7/2023 7:00,0.2,0.2
12/7/2023 8:00,2.6,2.9
12/7/2023 9:00,2.6,3.2
12/7/2023 10:00,1.6,1.9
12/7/2023 11:00,0,0
12/7/2023 12:00,0.3,0.1
12/7/2023 13:00,0,0
12/7/2023 14:00,0,0
12/7/2023 15:00,0,0
12/7/2023 16:00,0.1,0
12/7/2023 17:00,-0.3,0
12/7/2023 18:00,0.2,0
12/7/2023 19:00,-0.1,0
12/7/2023 20:00,-0.2,0
12/7/2023 21:00,0.3,0
12/7/2023 22:00,0,0
12/7/2023 23:00,0,0
12/8/2023 0:00,-0.1,0
12/8/2023 1:00,0.2,0
12/8/2023 2:00,-0.3,0
12/8/2023 3:00,0.1,0
12/8/2023 4:00,0.2,0
12/8/2023 5:00,-0.1,0
12/8/2023 6:00,-0.1,0
12/8/2023 7:00,0.3,0
12/8/2023 8:00,-0.1,0
12/8/2023 9:00,0.1,0
12/8/2023 10:00,-0.1,0
12/8/2023 11:00,0.1,0
12/8/2023 12:00,0.3,0
12/8/2023 13:00,-0.1,0
12/8/2023 14:00,-0.1,0
12/8/2023 15:00,0,0
12/8/2023 16:00,-0.3,0
12/8/2023 17:00,0.3,0
12/8/2023 18:00,-0.3,0
12/8/2023 19:00,0,0
12/8/2023 20:00,0.1,0
12/8/2023 21:00,0.2,0
12/8/2023 22:00,-0.3,0
12/8/2023 23:00,0.3,0
12/9/2023 0:00,-0.1,0
12/9/2023 1:00,-0.1,0
12/9/2023 2:00,0,0
12/9/2023 3:00,0.1,0
12/9/2023 4:00,-0.2,0
12/9/2023 5:00,0.3,0
12/9/2023 6:00,0.1,0
12/9/2023 7:00,-0.1,0
12/9/2023 8:00,0.2,0
12/9/2023 9:00,-0.2,0
12/9/2023 10:00,0.9,0.5
12/9/2023 11:00,2.9,0.9
12/9/2023 12:00,2.1,0
12/9/2023 13:00,3.8,0
12/9/2023 14:00,2,0.2
12/9/2023 15:00,0.2,0.5
12/9/2023 16:00,1.5,0.7
12/9/2023 17:00,1.2,0.7
12/9/2023 18:00,1.3,0.3
12/9/2023 19:00,1.2,0.3
12/9/2023 20:00,1.1,0.1
12/9/2023 21:00,0.8,0.1
12/9/2023 22:00,1.8,0.5
12/9/2023 23:00,1.2,0.3
12/10/2023 0:00,2.2,2.3
12/10/2023 1:00,1.4,0.5
12/10/2023 2:00,0.5,0.1
12/10/2023 3:00,0.4,0.2
12/10/2023 4:00,0.7,0.1
12/10/2023 5:00,1.1,0.2
12/10/2023 6:00,1.4,0.5
12/10/2023 7:00,1.8,0.8
12/10/2023 8:00,0.7,0.2
12/10/2023 9:00,0.7,0.1
12/10/2023 10:00,1.4,0.1
12/10/2023 11:00,0.6,0.1
12/10/2023 12:00,1,0.1
12/10/2023 13:00,0.8,0.3
12/10/2023 14:00,2.2,0.8
12/10/2023 15:00,0.3,0
12/10/2023 16:00,0.7,0
12/10/2023 17:00,0.2,0
12/10/2023 18:00,0,0
12/10/2023 19:00,0,0
12/10/2023 20:00,0,0
12/10/2023 21:00,0.4,0
12/10/2023 22:00,-0.4,0
12/10/2023 23:00,0.2,0
12/11/2023 0:00,0.2,0
12/11/2023 1:00,0,0
12/11/2023 2:00,-0.3,0
12/11/2023 3:00,0.3,0
12/11/2023 4:00,0,0
12/11/2023 5:00,-0.3,0
12/11/2023 6:00,0.4,0
12/11/2023 7:00,-0.3,0
12/11/2023 8:00,0,0
12/11/2023 9:00,0,0
12/11/2023 10:00,0.3,0
12/11/2023 11:00,-0.1,0
12/11/2023 12:00,0,0
12/11/2023 13:00,0,0
12/11/2023 14:00,0,0
12/11/2023 15:00,-0.2,0
12/11/2023 16:00,-0.1,0
12/11/2023 17:00,0,0
12/11/2023 18:00,0.1,0
12/11/2023 19:00,0.4,0
12/11/2023 20:00,-0.2,0
12/11/2023 21:00,-0.3,0
12/11/2023 22:00,0.3,0
12/11/2023 23:00,0.1,0
12/12/2023 0:00,0,0
12/12/2023 1:00,-0.1,0
12/12/2023 2:00,0.1,0
12/12/2023 3:00,-0.5,0
12/12/2023 4:00,0.2,0
12/12/2023 5:00,0,0
12/12/2023 6:00,0.4,0
12/12/2023 7:00,-0.2,0
12/12/2023 8:00,0,0
12/12/2023 9:00,0,0
12/12/2023 10:00,0,0
12/12/2023 11:00,0.1,0
12/12/2023 12:00,0.1,0
12/12/2023 13:00,-0.1,0
12/12/2023 14:00,-0.3,0
12/12/2023 15:00,0.2,0
12/12/2023 16:00,0.1,0
12/12/2023 17:00,-0.1,0
12/12/2023 18:00,-0.2,0
12/12/2023 19:00,0.2,0
12/12/2023 20:00,0.1,0
12/12/2023 21:00,0,0
12/12/2023 22:00,-0.1,0
12/12/2023 23:00,-0.2,0
12/13/2023 0:00,0.3,0
12/13/2023 1:00,0,0
12/13/2023 2:00,0,0
12/13/2023 3:00,0.2,0
12/13/2023 4:00,-0.1,0
12/13/2023 5:00,0.1,0
12/13/2023 6:00,-0.2,0
12/13/2023 7:00,0.1,0
12/13/2023 8:00,0.1,0
12/13/2023 9:00,-0.2,0
12/13/2023 10:00,0.1,0
12/13/2023 11:00,0,0
12/13/2023 12:00,0,0
12/13/2023 13:00,-0.1,0
12/13/2023 14:00,0.3,0
12/13/2023 15:00,-0.4,0
12/13/2023 16:00,0.2,0
12/13/2023 17:00,-0.2,0
12/13/2023 18:00,-0.2,0
12/13/2023 19:00,0.2,0
12/13/2023 20:00,-0.2,0
12/13/2023 21:00,-0.1,0
12/13/2023 22:00,0.1,0
12/13/2023 23:00,-0.1,0
12/14/2023 0:00,0.4,0
12/14/2023 1:00,0.2,0.6
12/14/2023 2:00,0.6,0.8
12/14/2023 3:00,0.1,0
12/14/2023 4:00,0,0.1
12/14/2023 5:00,0.1,0
12/14/2023 6:00,1.3,1.1
12/14/2023 7:00,0.8,0.7
12/14/2023 8:00,1.1,0.2
12/14/2023 9:00,0,0
12/14/2023 10:00,0.2,0
12/14/2023 11:00,0,0
12/14/2023 12:00,-0.1,0
12/14/2023 13:00,0,0
12/14/2023 14:00,0,0
12/14/2023 15:00,0,0
12/14/2023 16:00,0,0
12/14/2023 17:00,-0.1,0
12/14/2023 18:00,0.1,0
12/14/2023 19:00,0,0
12/14/2023 20:00,0.1,0
12/14/2023 21:00,-0.3,0
12/14/2023 22:00,0.2,0
12/14/2023 23:00,-0.1,0
12/15/2023 0:00,0,0
12/15/2023 1:00,0,0
12/15/2023 2:00,0.3,0
12/15/2023 3:00,-0.3,0
12/15/2023 4:00,1.4,1.7
12/15/2023 5:00,1.1,1.7
12/15/2023 6:00,2.8,3.4
12/15/2023 7:00,1.4,1.8
12/15/2023 8:00,0.7,1.2
12/15/2023 9:00,1.3,1.1
12/15/2023 10:00,-0.1,0
12/15/2023 11:00,0,0
12/15/2023 12:00,0,0
12/15/2023 13:00,0,0
12/15/2023 14:00,0.1,0
12/15/2023 15:00,0.1,0
12/15/2023 16:00,-0.3,0
12/15/2023 17:00,0,0
12/15/2023 18:00,0,0
12/15/2023 19:00,-0.3,0
12/15/2023 20:00,0.2,0
12/15/2023 21:00,0,0
12/15/2023 22:00,0.1,0
12/15/2023 23:00,0.1,0
12/16/2023 0:00,0,0
12/16/2023 1:00,0.1,0
12/16/2023 2:00,-0.1,0
12/16/2023 3:00,0,0
12/16/2023 4:00,0.1,0
12/16/2023 5:00,0.1,0
12/16/2023 6:00,-0.2,0
12/16/2023 7:00,0.1,0
12/16/2023 8:00,0,0
12/16/2023 9:00,-0.1,0
12/16/2023 10:00,0.2,0
12/16/2023 11:00,0,0
12/16/2023 12:00,-0.1,0
12/16/2023 13:00,0,0
12/16/2023 14:00,-0.1,0
12/16/2023 15:00,0,0
12/16/2023 16:00,-0.2,0
12/16/2023 17:00,0,0
12/16/2023 18:00,0.3,0
12/16/2023 19:00,0,0
12/16/2023 20:00,-0.1,0
12/16/2023 21:00,0.1,0
12/16/2023 22:00,-0.1,0
12/16/2023 23:00,0.1,0
12/17/2023 0:00,0,0
12/17/2023 1:00,0,0
12/17/2023 2:00,-0.1,0
12/17/2023 3:00,0.1,0
12/17/2023 4:00,-0.1,0
12/17/2023 5:00,-0.1,0
12/17/2023 6:00,0.2,0
12/17/2023 7:00,0,0
12/17/2023 8:00,0.2,0
12/17/2023 9:00,0,0
12/17/2023 10:00,-0.1,0
12/17/2023 11:00,-0.1,0
12/17/2023 12:00,0,0
12/17/2023 13:00,0.1,0
12/17/2023 14:00,0,0
12/17/2023 15:00,-0.1,0
12/17/2023 16:00,0,0
12/17/2023 17:00,-0.1,0
12/17/2023 18:00,-0.1,0
12/17/2023 19:00,0,0
12/17/2023 20:00,0.1,0.1
12/17/2023 21:00,0.5,0.8
12/17/2023 22:00,0.3,0.4
12/17/2023 23:00,0,0.1
12/18/2023 0:00,0,0
12/18/2023 1:00,0.1,0
12/18/2023 2:00,0,0
12/18/2023 3:00,-0.1,0
12/18/2023 4:00,-0.1,0
12/18/2023 5:00,-0.2,0
12/18/2023 6:00,0.4,0
12/18/2023 7:00,0,0
12/18/2023 8:00,0,0
12/18/2023 9:00,0,0
12/18/2023 10:00,0,0
12/18/2023 11:00,0,0
12/18/2023 12:00,-0.1,0
12/18/2023 13:00,0,0
12/18/2023 14:00,-0.1,0
12/18/2023 15:00,0.6,0.8
12/18/2023 16:00,-0.1,0
12/18/2023 17:00,0.3,0.1
12/18/2023 18:00,0.4,0.4
12/18/2023 19:00,0,0
12/18/2023 20:00,0.8,0.5
12/18/2023 21:00,1.5,0.9
12/18/2023 22:00,0.9,0.7
12/18/2023 23:00,1.7,1.6
12/19/2023 0:00,2,2.2
12/19/2023 1:00,1.8,2.1
12/19/2023 2:00,1.1,0.9
12/19/2023 3:00,1.5,1.3
12/19/2023 4:00,0.4,0.4
12/19/2023 5:00,0.8,0.4
12/19/2023 6:00,0.1,0.1
12/19/2023 7:00,0.1,0
12/19/2023 8:00,0.3,0.6
12/19/2023 9:00,1.4,0.9
12/19/2023 10:00,0,0.1
12/19/2023 11:00,0.4,0
12/19/2023 12:00,-0.1,0
12/19/2023 13:00,0,0.2
12/19/2023 14:00,0.8,1
12/19/2023 15:00,0.6,0.5
12/19/2023 16:00,0.4,0.1
12/19/2023 17:00,0.6,0.2
12/19/2023 18:00,1.3,1.3
12/19/2023 19:00,1.3,1.2
12/19/2023 20:00,1.7,1.4
12/19/2023 21:00,2.5,0.2
12/19/2023 22:00,3.8,1
12/19/2023 23:00,8,5.1
12/20/2023 0:00,4.8,3.6
12/20/2023 1:00,3.6,2.6
12/20/2023 2:00,1.5,1.9
12/20/2023 3:00,1,0.1
12/20/2023 4:00,2.2,0.1
12/20/2023 5:00,0.4,0.3
12/20/2023 6:00,0.2,0
12/20/2023 7:00,0.2,0.2
12/20/2023 8:00,0.2,0
12/20/2023 9:00,0.2,0
12/20/2023 10:00,-0.1,0
12/20/2023 11:00,0.1,0
12/20/2023 12:00,0.1,0
12/20/2023 13:00,0.2,0
12/20/2023 14:00,0.5,0
12/20/2023 15:00,-0.3,0
12/20/2023 16:00,0,0
12/20/2023 17:00,0.3,0
12/20/2023 18:00,-0.2,0
12/20/2023 19:00,0,0
12/20/2023 20:00,0.2,0.1
12/20/2023 21:00,0,0
12/20/2023 22:00,0.5,0.1
12/20/2023 23:00,0.6,0.6
12/21/2023 0:00,0.1,0.2
12/21/2023 1:00,0.6,0.3
12/21/2023 2:00,0.8,0.7
12/21/2023 3:00,1.3,1.1
12/21/2023 4:00,2.4,2.6
12/21/2023 5:00,3.6,3.4
12/21/2023 6:00,1.7,2.2
12/21/2023 7:00,3.3,3.4
12/21/2023 8:00,1.6,1.6
12/21/2023 9:00,0.2,0.1
12/21/2023 10:00,0.4,0.2
12/21/2023 11:00,0.2,0
12/21/2023 12:00,0.6,0.3
12/21/2023 13:00,0.9,0.2
12/21/2023 14:00,1.4,1.4
12/21/2023 15:00,0,0
12/21/2023 16:00,0.3,0.3
12/21/2023 17:00,-0.1,0
12/21/2023 18:00,-0.1,0
12/21/2023 19:00,0.2,0
12/21/2023 20:00,0,0.1
12/21/2023 21:00,0.6,0.3
12/21/2023 22:00,-0.1,0
12/21/2023 23:00,-0.1,0
12/22/2023 0:00,0.2,0
12/22/2023 1:00,0,0.1
12/22/2023 2:00,0.6,0.6
12/22/2023 3:00,1.3,1.4
12/22/2023 4:00,0.5,1
12/22/2023 5:00,2.4,2.2
12/22/2023 6:00,5.1,4.2
12/22/2023 7:00,7.1,5.1
12/22/2023 8:00,0.8,1.1
12/22/2023 9:00,0,0
12/22/2023 10:00,0.1,0
12/22/2023 11:00,0,0
12/22/2023 12:00,0.1,0
12/22/2023 13:00,0,0
12/22/2023 14:00,0.1,0
12/22/2023 15:00,-0.1,0
12/22/2023 16:00,-0.2,0
12/22/2023 17:00,0,0
12/22/2023 18:00,-0.1,0
12/22/2023 19:00,0,0
12/22/2023 20:00,0.3,0
12/22/2023 21:00,0,0
12/22/2023 22:00,0,0
12/22/2023 23:00,0.1,0
12/23/2023 0:00,-0.2,0
12/23/2023 1:00,0.1,0
12/23/2023 2:00,0.2,0
12/23/2023 3:00,-0.1,0
12/23/2023 4:00,0.1,0
12/23/2023 5:00,0,0
12/23/2023 6:00,-0.1,0
12/23/2023 7:00,0,0
12/23/2023 8:00,0.2,0
12/23/2023 9:00,-0.2,0
12/23/2023 10:00,0.2,0
12/23/2023 11:00,0.4,0
12/23/2023 12:00,-0.1,0
12/23/2023 13:00,0,0
12/23/2023 14:00,-0.3,0
12/23/2023 15:00,0.3,0
12/23/2023 16:00,0,0
12/23/2023 17:00,-0.4,0
12/23/2023 18:00,0,0
12/23/2023 19:00,-0.1,0
12/23/2023 20:00,0.3,0
12/23/2023 21:00,0.2,0
12/23/2023 22:00,-0.2,0
12/23/2023 23:00,-0.1,0
12/24/2023 0:00,0,0
12/24/2023 1:00,-0.1,0
12/24/2023 2:00,0.2,0
12/24/2023 3:00,0,0
12/24/2023 4:00,0,0
12/24/2023 5:00,0,0
12/24/2023 6:00,0.2,0
12/24/2023 7:00,0.1,0
12/24/2023 8:00,0,0
12/24/2023 9:00,0.1,0
12/24/2023 10:00,-0.6,0
12/24/2023 11:00,0.5,0
12/24/2023 12:00,0,0
12/24/2023 13:00,-0.1,0
12/24/2023 14:00,0.5,0.3
12/24/2023 15:00,-0.3,0
12/24/2023 16:00,0,0
12/24/2023 17:00,0,0.1
12/24/2023 18:00,0.3,0.1
12/24/2023 19:00,-0.2,0
12/24/2023 20:00,0.2,0
12/24/2023 21:00,-0.1,0
12/24/2023 22:00,0,0
12/24/2023 23:00,0.2,0
12/25/2023 0:00,-0.1,0
12/25/2023 1:00,-0.1,0
12/25/2023 2:00,-0.1,0
12/25/2023 3:00,0,0
12/25/2023 4:00,0.2,0
12/25/2023 5:00,0,0
12/25/2023 6:00,0.3,0
12/25/2023 7:00,-0.2,0.3
12/25/2023 8:00,0.1,0
12/25/2023 9:00,0.4,0.1
12/25/2023 10:00,0.8,1.5
12/25/2023 11:00,1.2,1.6
12/25/2023 12:00,0.9,0.9
12/25/2023 13:00,0.6,0.2
12/25/2023 14:00,0,0.1
12/25/2023 15:00,0.1,0
12/25/2023 16:00,2.8,3.2
12/25/2023 17:00,2.5,4.7
12/25/2023 18:00,3.3,3.5
12/25/2023 19:00,2.2,4.3
12/25/2023 20:00,1.9,3.6
12/25/2023 21:00,1.9,1.4
12/25/2023 22:00,2.5,4.8
12/25/2023 23:00,1.8,-5.5
12/26/2023 0:00,7.2,0.7
12/26/2023 1:00,0.5,-0.2
12/26/2023 2:00,0.3,0
12/26/2023 3:00,-0.3,0
12/26/2023 4:00,0,0
12/26/2023 5:00,0.3,0.2
12/26/2023 6:00,-0.2,0
12/26/2023 7:00,0.3,0
12/26/2023 8:00,0.1,0
12/26/2023 9:00,-0.2,0
12/26/2023 10:00,0,0
12/26/2023 11:00,0,0
12/26/2023 12:00,0.2,0
12/26/2023 13:00,-0.2,0
12/26/2023 14:00,0,0
12/26/2023 15:00,0,0
12/26/2023 16:00,0.2,0
12/26/2023 17:00,-0.1,0
12/26/2023 18:00,0,0
12/26/2023 19:00,0.1,0
12/26/2023 20:00,-0.1,0
12/26/2023 21:00,0.1,0
12/26/2023 22:00,-0.2,0
12/26/2023 23:00,0.3,0
12/27/2023 0:00,-0.2,0
12/27/2023 1:00,0.2,0.2
12/27/2023 2:00,1.1,0.9
12/27/2023 3:00,0,0
12/27/2023 4:00,0.1,0.1
12/27/2023 5:00,-0.2,0.1
12/27/2023 6:00,0.3,0
12/27/2023 7:00,-0.2,0
12/27/2023 8:00,0,0
12/27/2023 9:00,0.2,0
12/27/2023 10:00,0.4,1.2
12/27/2023 11:00,0.7,2
12/27/2023 12:00,0,0
12/27/2023 13:00,-0.1,0
12/27/2023 14:00,0.1,0
12/27/2023 15:00,0,0
12/27/2023 16:00,-0.2,0
12/27/2023 17:00,0.2,0.1
12/27/2023 18:00,0.1,0
12/27/2023 19:00,-0.2,0
12/27/2023 20:00,0.1,0
12/27/2023 21:00,0,0
12/27/2023 22:00,0.3,0
12/27/2023 23:00,0.1,0.6
12/28/2023 0:00,-0.2,0.7
12/28/2023 1:00,0.1,0
12/28/2023 2:00,0.2,0.6
12/28/2023 3:00,-0.2,0
12/28/2023 4:00,0.5,0.4
12/28/2023 5:00,1.4,1.4
12/28/2023 6:00,2.6,2.5
12/28/2023 7:00,0.9,0.8
12/28/2023 8:00,0.8,0.8
12/28/2023 9:00,2.3,1.2
12/28/2023 10:00,0.5,0.3
12/28/2023 11:00,0.1,0.3
12/28/2023 12:00,1.7,1.9
12/28/2023 13:00,1.3,1.2
12/28/2023 14:00,0.1,0.2
12/28/2023 15:00,0.1,0
12/28/2023 16:00,0.1,0
12/28/2023 17:00,-0.1,0
12/28/2023 18:00,0,0
12/28/2023 19:00,0,0
12/28/2023 20:00,1.2,1.1
12/28/2023 21:00,0,0.2
12/28/2023 22:00,0.2,0.3
12/28/2023 23:00,0.5,0.9
12/29/2023 0:00,0.2,0.2
12/29/2023 1:00,0.1,0
12/29/2023 2:00,-0.2,0
12/29/2023 3:00,0.1,0
12/29/2023 4:00,-0.1,0
12/29/2023 5:00,-0.1,0
12/29/2023 6:00,0.4,0
12/29/2023 7:00,0,0
12/29/2023 8:00,0,0
12/29/2023 9:00,-0.1,0.1
12/29/2023 10:00,0,0.1
12/29/2023 11:00,0.1,0
12/29/2023 12:00,0.2,0
12/29/2023 13:00,-0.2,0
12/29/2023 14:00,0.2,0.1
12/29/2023 15:00,-0.1,0
12/29/2023 16:00,0,0.1
12/29/2023 17:00,-0.1,0
12/29/2023 18:00,0,0
12/29/2023 19:00,0.1,0
12/29/2023 20:00,-0.1,0
12/29/2023 21:00,0.2,0
12/29/2023 22:00,-0.1,0.1
12/29/2023 23:00,0,0
12/30/2023 0:00,0.2,0.1
12/30/2023 1:00,0.1,0.2
12/30/2023 2:00,0.4,0.7
12/30/2023 3:00,0.2,0.1
12/30/2023 4:00,0.2,0.1
12/30/2023 5:00,1.1,1.3
12/30/2023 6:00,1.3,1.2
12/30/2023 7:00,0.9,1.1
12/30/2023 8:00,0,0
12/30/2023 9:00,0,0.5
12/30/2023 10:00,0.5,0.3
12/30/2023 11:00,0.2,0
12/30/2023 12:00,-0.3,0
12/30/2023 13:00,0.1,0
12/30/2023 14:00,2.2,2.1
12/30/2023 15:00,4.2,1.8
12/30/2023 16:00,0.5,0.6
12/30/2023 17:00,0.2,0.3
12/30/2023 18:00,0.2,0.2
12/30/2023 19:00,3.7,3.3
12/30/2023 20:00,3.3,3.9
12/30/2023 21:00,1.5,2.2
12/30/2023 22:00,0.3,0.1
12/30/2023 23:00,0.3,0
12/31/2023 0:00,2.3,0.6
12/31/2023 1:00,0.2,0
12/31/2023 2:00,0.1,0
12/31/2023 3:00,0,0
12/31/2023 4:00,0.2,0.1
12/31/2023 5:00,0.3,0
12/31/2023 6:00,0.9,0.4
12/31/2023 7:00,0.5,0
12/31/2023 8:00,1.6,0.2
12/31/2023 9:00,0.5,0.1
12/31/2023 10:00,1.5,0.3
12/31/2023 11:00,0.1,0
12/31/2023 12:00,-0.2,0
12/31/2023 13:00,0.4,0
12/31/2023 14:00,0.4,0.2
12/31/2023 15:00,-0.1,0
12/31/2023 16:00,0.2,0
12/31/2023 17:00,-0.2,0
12/31/2023 18:00,0.1,0
12/31/2023 19:00,0.2,0
12/31/2023 20:00,0,0
12/31/2023 21:00,-0.1,0
12/31/2023 22:00,-0.2,0
12/31/2023 23:00,0.1,0
1/1/2024 0:00,0.3,0
1/1/2024 1:00,-0.3,0
1/1/2024 2:00,0.1,0
1/1/2024 3:00,-0.1,0
1/1/2024 4:00,0.1,0
1/1/2024 5:00,0.2,0
1/1/2024 6:00,0,0
1/1/2024 7:00,-0.2,0
1/1/2024 8:00,0.1,0
1/1/2024 9:00,0,0
1/1/2024 10:00,0.2,0
1/1/2024 11:00,-0.1,0
1/1/2024 12:00,0.3,0
1/1/2024 13:00,-0.1,0
1/1/2024 14:00,0,0
1/1/2024 15:00,-0.1,0
1/1/2024 16:00,0.1,0
1/1/2024 17:00,-0.1,0
1/1/2024 18:00,-0.3,0
1/1/2024 19:00,0,0
1/1/2024 20:00,0.1,0
1/1/2024 21:00,0.2,0
1/1/2024 22:00,0,0
1/1/2024 23:00,0,0
1/2/2024 0:00,0.1,0
1/2/2024 1:00,-0.1,0
1/2/2024 2:00,-0.1,0
1/2/2024 3:00,0,0
1/2/2024 4:00,0.3,0
1/2/2024 5:00,-0.1,0
1/2/2024 6:00,-0.1,0
1/2/2024 7:00,-0.1,0
1/2/2024 8:00,0.1,0
1/2/2024 9:00,0,0
1/2/2024 10:00,-0.2,0
1/2/2024 11:00,0.2,0.2
1/2/2024 12:00,0.4,0.4
1/2/2024 13:00,0.9,0.5
1/2/2024 14:00,0.3,0.4
1/2/2024 15:00,0.4,0.3
1/2/2024 16:00,0.5,0.4
1/2/2024 17:00,-0.1,0.1
1/2/2024 18:00,0.1,0.1
1/2/2024 19:00,1,1
1/2/2024 20:00,1.1,1.3
1/2/2024 21:00,1.4,1.3
1/2/2024 22:00,1.8,2.1
1/2/2024 23:00,1.9,2.1
1/3/2024 0:00,0.2,0.5
1/3/2024 1:00,0.2,0.1
1/3/2024 2:00,-0.1,0
1/3/2024 3:00,0,0
1/3/2024 4:00,-0.1,0
1/3/2024 5:00,0.3,0
1/3/2024 6:00,-0.2,0
1/3/2024 7:00,0,0
1/3/2024 8:00,0.1,0
1/3/2024 9:00,-0.2,0
1/3/2024 10:00,0.2,0
1/3/2024 11:00,-0.1,0
1/3/2024 12:00,0.1,0
1/3/2024 13:00,0.2,0
1/3/2024 14:00,-0.2,0
1/3/2024 15:00,-0.1,0
1/3/2024 16:00,0.2,0
1/3/2024 17:00,1.4,1.6
1/3/2024 18:00,1.3,1.5
1/3/2024 19:00,0.5,0.4
1/3/2024 20:00,0.3,0.6
1/3/2024 21:00,1.1,0.7
1/3/2024 22:00,0.5,0.3
1/3/2024 23:00,2,1.1
1/4/2024 0:00,3.2,0.7
1/4/2024 1:00,3.5,0.9
1/4/2024 2:00,3,2.1
1/4/2024 3:00,1.8,1.1
1/4/2024 4:00,4.9,3.8
1/4/2024 5:00,3.5,2.8
1/4/2024 6:00,4.3,4.2
1/4/2024 7:00,3.3,4.1
1/4/2024 8:00,3.3,4.2
1/4/2024 9:00,3.8,3.3
1/4/2024 10:00,2,1.7
1/4/2024 11:00,1.5,0.1
1/4/2024 12:00,1.9,0.3
1/4/2024 13:00,3.1,1.5
1/4/2024 14:00,0.2,0.1
1/4/2024 15:00,0.1,0
1/4/2024 16:00,0,0
1/4/2024 17:00,0,0
1/4/2024 18:00,-0.2,0
1/4/2024 19:00,0.2,0
1/4/2024 20:00,-0.2,0
1/4/2024 21:00,0.2,0
1/4/2024 22:00,-0.2,0
1/4/2024 23:00,0.3,0
1/5/2024 0:00,0.1,0
1/5/2024 1:00,0.5,0.5
1/5/2024 2:00,1.6,1.5
1/5/2024 3:00,3.2,1.9
1/5/2024 4:00,1,0.5
1/5/2024 5:00,-0.1,0
1/5/2024 6:00,0,0
1/5/2024 7:00,0,0
1/5/2024 8:00,0,0
1/5/2024 9:00,0,0
1/5/2024 10:00,1.3,0.8
1/5/2024 11:00,1.7,1.7
1/5/2024 12:00,1.8,2.5
1/5/2024 13:00,1.8,2.6
1/5/2024 14:00,4.7,3.1
1/5/2024 15:00,9.2,4.5
1/5/2024 16:00,3.1,2
1/5/2024 17:00,0.5,0.6
1/5/2024 18:00,2.5,2
1/5/2024 19:00,3.1,1.6
1/5/2024 20:00,1.5,1.7
1/5/2024 21:00,5.4,5.7
1/5/2024 22:00,7.8,5.8
1/5/2024 23:00,6.4,5.4
1/6/2024 0:00,6.4,5.2
1/6/2024 1:00,6.3,4.2
1/6/2024 2:00,0.7,0.7
1/6/2024 3:00,0.2,0.2
1/6/2024 4:00,0.2,0
1/6/2024 5:00,-0.3,0
1/6/2024 6:00,0.4,0
1/6/2024 7:00,-0.3,0
1/6/2024 8:00,0.1,0
1/6/2024 9:00,0.1,0
1/6/2024 10:00,0.2,0
1/6/2024 11:00,-0.1,0
1/6/2024 12:00,0.1,0
1/6/2024 13:00,-0.2,0
1/6/2024 14:00,0,0
1/6/2024 15:00,0.1,0
1/6/2024 16:00,0,0
1/6/2024 17:00,-0.2,0
1/6/2024 18:00,0.1,0
1/6/2024 19:00,-0.1,0
1/6/2024 20:00,-0.1,0
1/6/2024 21:00,0.1,0
1/6/2024 22:00,0.1,0
1/6/2024 23:00,-0.1,0
1/7/2024 0:00,0.1,0
1/7/2024 1:00,0,0
1/7/2024 2:00,0,0
1/7/2024 3:00,-0.1,0
1/7/2024 4:00,0.1,0
1/7/2024 5:00,0.1,0
1/7/2024 6:00,-0.1,0
1/7/2024 7:00,0,0
1/7/2024 8:00,0.2,0
1/7/2024 9:00,-0.1,0
1/7/2024 10:00,0.1,0
1/7/2024 11:00,0.1,0
1/7/2024 12:00,-0.1,0
1/7/2024 13:00,0.1,0.1
1/7/2024 14:00,0.2,0.2
1/7/2024 15:00,0.4,0.7
1/7/2024 16:00,-0.2,0.2
1/7/2024 17:00,0.2,0.1
1/7/2024 18:00,0.1,0
1/7/2024 19:00,-0.2,0
1/7/2024 20:00,0.1,0
1/7/2024 21:00,-0.1,0
1/7/2024 22:00,0,0
1/7/2024 23:00,0,0
1/8/2024 0:00,0,0
1/8/2024 1:00,0.2,0
1/8/2024 2:00,-0.1,0
1/8/2024 3:00,0,0
1/8/2024 4:00,0.1,0
1/8/2024 5:00,0.1,0.2
1/8/2024 6:00,0.2,0
1/8/2024 7:00,0.2,0.2
1/8/2024 8:00,0.5,0.3
1/8/2024 9:00,0.4,0
1/8/2024 10:00,0.8,0.6
1/8/2024 11:00,0.5,0.1
1/8/2024 12:00,0.7,0
1/8/2024 13:00,0.8,0
1/8/2024 14:00,1.2,0
1/8/2024 15:00,1.1,0
1/8/2024 16:00,1.9,0
1/8/2024 17:00,1.8,0
1/8/2024 18:00,2.9,0
1/8/2024 19:00,3.7,0
1/8/2024 20:00,2.6,0
1/8/2024 21:00,1.8,0
1/8/2024 22:00,3.3,0.6
1/8/2024 23:00,5.3,6
1/9/2024 0:00,3,4.5
1/9/2024 1:00,-0.1,0
1/9/2024 2:00,0.1,0.1
1/9/2024 3:00,-0.1,0
1/9/2024 4:00,0.9,1.1
1/9/2024 5:00,0.3,0
1/9/2024 6:00,0.2,0
1/9/2024 7:00,-0.1,0.2
1/9/2024 8:00,0.2,0.5
1/9/2024 9:00,5.3,5.5
1/9/2024 10:00,2.8,3.4
1/9/2024 11:00,0.1,0.1
1/9/2024 12:00,0,0
1/9/2024 13:00,0.1,0.3
1/9/2024 14:00,-0.4,0
1/9/2024 15:00,0.8,0.2
1/9/2024 16:00,-0.2,0
1/9/2024 17:00,1,0.7
1/9/2024 18:00,2.6,1.9
1/9/2024 19:00,0,0
1/9/2024 20:00,0.4,0.3
1/9/2024 21:00,0.2,0.2
1/9/2024 22:00,-0.2,0
1/9/2024 23:00,0.1,0
1/10/2024 0:00,-0.2,0
1/10/2024 1:00,0.2,0
1/10/2024 2:00,0.1,0
1/10/2024 3:00,0,0
1/10/2024 4:00,0,0
1/10/2024 5:00,-0.1,0
1/10/2024 6:00,0.1,0
1/10/2024 7:00,0,0
1/10/2024 8:00,-0.1,0
1/10/2024 9:00,0.2,0
1/10/2024 10:00,0,0
1/10/2024 11:00,0.2,0
1/10/2024 12:00,-0.3,0
1/10/2024 13:00,0.3,0
1/10/2024 14:00,-0.1,0
1/10/2024 15:00,0,0
1/10/2024 16:00,0.4,0.2
1/10/2024 17:00,0,0.1
1/10/2024 18:00,0.1,0
1/10/2024 19:00,0.1,0
1/10/2024 20:00,0,0
1/10/2024 21:00,-0.1,0
1/10/2024 22:00,0,0
1/10/2024 23:00,0,0
1/11/2024 0:00,0.2,0
1/11/2024 1:00,0.1,0
1/11/2024 2:00,-0.2,0
1/11/2024 3:00,0,0
1/11/2024 4:00,0,0
1/11/2024 5:00,0,0
1/11/2024 6:00,-0.1,0
1/11/2024 7:00,-0.2,0
1/11/2024 8:00,0,0
1/11/2024 9:00,-0.1,0
1/11/2024 10:00,-0.1,0
1/11/2024 11:00,0.1,0
1/11/2024 12:00,0.7,0
1/11/2024 13:00,0,0
1/11/2024 14:00,-0.1,0.1
1/11/2024 15:00,0,1.3
1/11/2024 16:00,0,0.1
1/11/2024 17:00,0,0
1/11/2024 18:00,0,0
1/11/2024 19:00,0,0
1/11/2024 20:00,0,0
1/11/2024 21:00,0,0
1/11/2024 22:00,0,0
1/11/2024 23:00,0,0
1/12/2024 0:00,0,0
1/12/2024 1:00,0,0
1/12/2024 2:00,0,0
1/12/2024 3:00,0,0
1/12/2024 4:00,0,0
1/12/2024 5:00,0,0
1/12/2024 6:00,0,0
1/12/2024 7:00,0,0
1/12/2024 8:00,0,0
1/12/2024 9:00,0,0
1/12/2024 10:00,0,0
1/12/2024 11:00,0,0
1/12/2024 12:00,0,0
1/12/2024 13:00,0,0
1/12/2024 14:00,0,0
1/12/2024 15:00,0,0
1/12/2024 16:00,0,0
1/12/2024 17:00,0,0
1/12/2024 18:00,0,0
1/12/2024 19:00,0,0
1/12/2024 20:00,0,0
1/12/2024 21:00,0,0
1/12/2024 22:00,0,0
1/12/2024 23:00,0,0
1/13/2024 0:00,0,0
1/13/2024 1:00,0,0
1/13/2024 2:00,0,0
1/13/2024 3:00,0,0
1/13/2024 4:00,0,0
1/13/2024 5:00,0,0
1/13/2024 6:00,0,0
1/13/2024 7:00,0,0
1/13/2024 8:00,0,0
1/13/2024 9:00,0,0
1/13/2024 10:00,0,0
1/13/2024 11:00,0,0
1/13/2024 12:00,0,0
1/13/2024 13:00,0,0
1/13/2024 14:00,0,0
1/13/2024 15:00,0,0
1/13/2024 16:00,0,0
1/13/2024 17:00,0,0.1
1/13/2024 18:00,0,0
1/13/2024 19:00,0,0
1/13/2024 20:00,0,0
1/13/2024 21:00,0,0
1/13/2024 22:00,0,0
1/13/2024 23:00,0,0
1/14/2024 0:00,0,0
1/14/2024 1:00,0,0
1/14/2024 2:00,0,0
1/14/2024 3:00,0,0
1/14/2024 4:00,0,0
1/14/2024 5:00,0,0
1/14/2024 6:00,0,0
1/14/2024 7:00,0,0
1/14/2024 8:00,0,0
1/14/2024 9:00,0,0
1/14/2024 10:00,0,0
1/14/2024 11:00,0,0
1/14/2024 12:00,0,0
1/14/2024 13:00,0,0
1/14/2024 14:00,0,0
1/14/2024 15:00,0,0
1/14/2024 16:00,0,0
1/14/2024 17:00,0,0
1/14/2024 18:00,0,0
1/14/2024 19:00,0,0
1/14/2024 20:00,0,0
1/14/2024 21:00,0,0
1/14/2024 22:00,0,0
1/14/2024 23:00,0,0
1/15/2024 0:00,0,0
1/15/2024 1:00,0,0
1/15/2024 2:00,0,0
1/15/2024 3:00,0,0
1/15/2024 4:00,0,0
1/15/2024 5:00,0,0
1/15/2024 6:00,0,0
1/15/2024 7:00,0,0
1/15/2024 8:00,0,0
1/15/2024 9:00,0,0
1/15/2024 10:00,0,0
1/15/2024 11:00,0,0
1/15/2024 12:00,0,0
1/15/2024 13:00,0,0
1/15/2024 14:00,0,0
1/15/2024 15:00,0,0
1/15/2024 16:00,0,0
1/15/2024 17:00,0,0
1/15/2024 18:00,0,0
1/15/2024 19:00,0,0
1/15/2024 20:00,0,0
1/15/2024 21:00,0,0
1/15/2024 22:00,0,0
1/15/2024 23:00,0,0
1/16/2024 0:00,0,0
1/16/2024 1:00,0,0
1/16/2024 2:00,0,0
1/16/2024 3:00,0,0
1/16/2024 4:00,0,0
1/16/2024 5:00,0,0
1/16/2024 6:00,0,0
1/16/2024 7:00,0,0
1/16/2024 8:00,0,0
1/16/2024 9:00,0,0
1/16/2024 10:00,0,0
1/16/2024 11:00,0,0
1/16/2024 12:00,0,0
1/16/2024 13:00,0,0
1/16/2024 14:00,0,0
1/16/2024 15:00,0,0
1/16/2024 16:00,0,0
1/16/2024 17:00,0,0
1/16/2024 18:00,0,0
1/16/2024 19:00,0,0
1/16/2024 20:00,0,0
1/16/2024 21:00,0,0
1/16/2024 22:00,0,0
1/16/2024 23:00,0,0
1/17/2024 0:00,0,0.1
1/17/2024 1:00,0,0.6
1/17/2024 2:00,0,1.8
1/17/2024 3:00,0,1.3
1/17/2024 4:00,0,0.8
1/17/2024 5:00,0,0.3
1/17/2024 6:00,0,0
1/17/2024 7:00,0,0
1/17/2024 8:00,0,0
1/17/2024 9:00,0,0
1/17/2024 10:00,0,0.1
1/17/2024 11:00,0,0
1/17/2024 12:00,0,0
1/17/2024 13:00,0.9,0
1/17/2024 14:00,0.4,0
1/17/2024 15:00,-0.2,0
1/17/2024 16:00,-0.1,0.1
1/17/2024 17:00,0.2,0.1
1/17/2024 18:00,0.1,0
1/17/2024 19:00,0.4,0
1/17/2024 20:00,0.3,0
1/17/2024 21:00,-0.3,0
1/17/2024 22:00,0.4,0
1/17/2024 23:00,0.1,0
1/18/2024 0:00,0.2,0
1/18/2024 1:00,0.3,0
1/18/2024 2:00,0.5,0
1/18/2024 3:00,0.3,0
1/18/2024 4:00,0.3,0
1/18/2024 5:00,0.7,0
1/18/2024 6:00,0.5,0
1/18/2024 7:00,0.3,0
1/18/2024 8:00,0.2,0
1/18/2024 9:00,0.2,0
1/18/2024 10:00,-0.6,0
1/18/2024 11:00,0.5,0
1/18/2024 12:00,0.4,0
1/18/2024 13:00,0.3,0
1/18/2024 14:00,0.4,0
1/18/2024 15:00,0.2,0
1/18/2024 16:00,0.1,0
1/18/2024 17:00,-0.4,0.1
1/18/2024 18:00,0.6,0
1/18/2024 19:00,1,0
1/18/2024 20:00,2.8,0
1/18/2024 21:00,2,0
1/18/2024 22:00,1.4,0
1/18/2024 23:00,1.1,0
1/19/2024 0:00,0.9,0
1/19/2024 1:00,0.9,0
1/19/2024 2:00,2.3,0
1/19/2024 3:00,2.1,0
1/19/2024 4:00,3.4,1.8
1/19/2024 5:00,2.6,1.3
1/19/2024 6:00,2.5,1.8
1/19/2024 7:00,3.7,3.1
1/19/2024 8:00,2.4,2.1
1/19/2024 9:00,2.9,2.1
1/19/2024 10:00,2.9,1.5
1/19/2024 11:00,2.6,0.9
1/19/2024 12:00,2.1,0.7
1/19/2024 13:00,2.4,1.4
1/19/2024 14:00,3.4,2.3
1/19/2024 15:00,0.5,1.5
1/19/2024 16:00,0.5,1.4
1/19/2024 17:00,0.5,0
1/19/2024 18:00,0,0.4
1/19/2024 19:00,0,0.3
1/19/2024 20:00,0,0
1/19/2024 21:00,0,0
1/19/2024 22:00,0,0
1/19/2024 23:00,0,0
1/20/2024 0:00,0,0
1/20/2024 1:00,0,0
1/20/2024 2:00,0,0.4
1/20/2024 3:00,0,0
1/20/2024 4:00,0,0
1/20/2024 5:00,0,0
1/20/2024 6:00,0,0
1/20/2024 7:00,0,0
1/20/2024 8:00,0,0
1/20/2024 9:00,0,0
1/20/2024 10:00,0,0
1/20/2024 11:00,0,0
1/20/2024 12:00,0,0
1/20/2024 13:00,0,0
1/20/2024 14:00,0,0
1/20/2024 15:00,0,0
1/20/2024 16:00,0,0
1/20/2024 17:00,0,0
1/20/2024 18:00,0,0
1/20/2024 19:00,0,0
1/20/2024 20:00,0,0
1/20/2024 21:00,0,0
1/20/2024 22:00,0,0
1/20/2024 23:00,0,0.7
1/21/2024 0:00,0,0.5
1/21/2024 1:00,0,0.9
1/21/2024 2:00,0,0.5
1/21/2024 3:00,0,1.4
1/21/2024 4:00,0.7,1
1/21/2024 5:00,2,1.7
1/21/2024 6:00,0.8,1
1/21/2024 7:00,2.6,2.7
1/21/2024 8:00,3.8,3.5
1/21/2024 9:00,4.1,2.4
1/21/2024 10:00,3.9,4.3
1/21/2024 11:00,3.2,3.2
1/21/2024 12:00,2.8,3.8
1/21/2024 13:00,-0.4,0.1
1/21/2024 14:00,0.1,0
1/21/2024 15:00,0.3,0.3
1/21/2024 16:00,2.2,2.5
1/21/2024 17:00,0.5,1
1/21/2024 18:00,0.5,0.4
1/21/2024 19:00,1.6,1.9
1/21/2024 20:00,0.1,0.3
1/21/2024 21:00,0.7,0.2
1/21/2024 22:00,0,0.4
1/21/2024 23:00,0.4,0.3
1/22/2024 0:00,0.7,1.3
1/22/2024 1:00,3.1,3
1/22/2024 2:00,-0.2,0
1/22/2024 3:00,0.2,0.3
1/22/2024 4:00,1.5,1.2
1/22/2024 5:00,1.5,1.5
1/22/2024 6:00,1.7,1.3
1/22/2024 7:00,1,1.5
1/22/2024 8:00,0.4,0.8
1/22/2024 9:00,0.7,0.9
1/22/2024 10:00,2,2.4
1/22/2024 11:00,1,1
1/22/2024 12:00,1.2,0.9
1/22/2024 13:00,2,1.4
1/22/2024 14:00,2.3,1.6
1/22/2024 15:00,4.2,3.4
1/22/2024 16:00,2.1,1.9
1/22/2024 17:00,1.9,0.2
1/22/2024 18:00,1.3,0.2
1/22/2024 19:00,2.5,0.3
1/22/2024 20:00,3,0.4
1/22/2024 21:00,1.5,0.4
1/22/2024 22:00,1.4,1
1/22/2024 23:00,2.7,2
1/23/2024 0:00,3.4,3.3
1/23/2024 1:00,2.8,2.7
1/23/2024 2:00,4.1,3.7
1/23/2024 3:00,5.9,5.7
1/23/2024 4:00,1.6,1.7
1/23/2024 5:00,2,1.4
1/23/2024 6:00,2.7,1.9
1/23/2024 7:00,1.3,1.4
1/23/2024 8:00,0.8,0.7
1/23/2024 9:00,1,1.1
1/23/2024 10:00,0,0
1/23/2024 11:00,1.4,0.1
1/23/2024 12:00,2.5,1
1/23/2024 13:00,2.1,0.1
1/23/2024 14:00,2.7,0.5
1/23/2024 15:00,0.4,0
1/23/2024 16:00,1,0.9
1/23/2024 17:00,2.5,2
1/23/2024 18:00,0.5,0.1
1/23/2024 19:00,0.2,0
1/23/2024 20:00,-0.1,0
1/23/2024 21:00,1.2,0.6
1/23/2024 22:00,0.2,0
1/23/2024 23:00,0,0
1/24/2024 0:00,0,0
1/24/2024 1:00,-0.1,0
1/24/2024 2:00,0.3,0
1/24/2024 3:00,-0.2,0
1/24/2024 4:00,0.3,0
1/24/2024 5:00,-0.3,0
1/24/2024 6:00,1.1,0.5
1/24/2024 7:00,2.4,1.3
1/24/2024 8:00,2.4,1.9
1/24/2024 9:00,1.2,0.9
1/24/2024 10:00,1.7,1.1
1/24/2024 11:00,0.9,1
1/24/2024 12:00,0.2,0
1/24/2024 13:00,0.1,0.2
1/24/2024 14:00,1.3,0.5
1/24/2024 15:00,0.7,0.8
1/24/2024 16:00,1.4,0.6
1/24/2024 17:00,2.5,1.8
1/24/2024 18:00,3.3,3.3
1/24/2024 19:00,0.9,0.6
1/24/2024 20:00,2.7,2.1
1/24/2024 21:00,0.8,0.4
1/24/2024 22:00,0,0
1/24/2024 23:00,-0.1,0
1/25/2024 0:00,0,0
1/25/2024 1:00,2.7,3.8
1/25/2024 2:00,1.7,2.3
1/25/2024 3:00,2,2
1/25/2024 4:00,1.1,1.3
1/25/2024 5:00,1.3,1.8
1/25/2024 6:00,2.7,2.3
1/25/2024 7:00,3.2,3.5
1/25/2024 8:00,3.6,3.8
1/25/2024 9:00,2.8,2.9
1/25/2024 10:00,2.2,1.1
1/25/2024 11:00,1.7,0.4
1/25/2024 12:00,1.3,0.4
1/25/2024 13:00,1.9,1
1/25/2024 14:00,3.3,2.8
1/25/2024 15:00,3.7,3.9
1/25/2024 16:00,2.2,1.2
1/25/2024 17:00,4.7,1.5
1/25/2024 18:00,4.3,0.7
1/25/2024 19:00,5.6,0.9
1/25/2024 20:00,9.2,1.1
1/25/2024 21:00,4.1,1.6
1/25/2024 22:00,2.7,0.5
1/25/2024 23:00,1.8,0.8
1/26/2024 0:00,0.2,0
1/26/2024 1:00,1,0.4
1/26/2024 2:00,1.1,0.3
1/26/2024 3:00,0.6,0.1
1/26/2024 4:00,0.2,0.4
1/26/2024 5:00,0.2,0.1
1/26/2024 6:00,0.6,0.1
1/26/2024 7:00,0.1,0.4
1/26/2024 8:00,0,0
1/26/2024 9:00,0.1,0
1/26/2024 10:00,0,0
1/26/2024 11:00,0,0
1/26/2024 12:00,0,0
1/26/2024 13:00,-0.2,0
1/26/2024 14:00,0.2,0
1/26/2024 15:00,-0.1,0
1/26/2024 16:00,0,0
1/26/2024 17:00,-0.3,0
1/26/2024 18:00,0.6,0.5
1/26/2024 19:00,3.4,3.1
1/26/2024 20:00,3.9,3.7
1/26/2024 21:00,2.9,3.3
1/26/2024 22:00,0.8,0.6
1/26/2024 23:00,1.1,0.3
1/27/2024 0:00,2,0.3
1/27/2024 1:00,1.8,0.9
1/27/2024 2:00,5.2,4
1/27/2024 3:00,4.6,3.5
1/27/2024 4:00,6.5,5.2
1/27/2024 5:00,4.2,3.3
1/27/2024 6:00,4.5,3.8
1/27/2024 7:00,3.2,0.7
1/27/2024 8:00,2.6,0.9
1/27/2024 9:00,2.7,1.1
1/27/2024 10:00,4.8,3.4
1/27/2024 11:00,3.4,2.8
1/27/2024 12:00,4.2,4.5
1/27/2024 13:00,3.6,3.2
1/27/2024 14:00,2.4,1.8
1/27/2024 15:00,5.5,2.4
1/27/2024 16:00,3.7,1.4
1/27/2024 17:00,7.7,6.6
1/27/2024 18:00,5,4.4
1/27/2024 19:00,8,5.3
1/27/2024 20:00,7.7,6.3
1/27/2024 21:00,6.4,4.4
1/27/2024 22:00,8,4.9
1/27/2024 23:00,4,4.6
1/28/2024 0:00,9.8,5.7
1/28/2024 1:00,4.3,3.4
1/28/2024 2:00,1.4,1.7
1/28/2024 3:00,1.4,1.8
1/28/2024 4:00,1.6,1.7
1/28/2024 5:00,1,1.9
1/28/2024 6:00,0.1,0
1/28/2024 7:00,0,0
1/28/2024 8:00,0.1,0
1/28/2024 9:00,-0.1,0
1/28/2024 10:00,0.2,0
1/28/2024 11:00,-0.2,0
1/28/2024 12:00,0.2,0
1/28/2024 13:00,0.3,0
1/28/2024 14:00,0.1,0
1/28/2024 15:00,-0.2,0
1/28/2024 16:00,0.2,0
1/28/2024 17:00,1.7,1.5
1/28/2024 18:00,0.6,1
1/28/2024 19:00,1.5,1
1/28/2024 20:00,0.7,0.9
1/28/2024 21:00,0.6,0.6
1/28/2024 22:00,1.1,0.9
1/28/2024 23:00,1.1,1.1
1/29/2024 0:00,0.7,0.6
1/29/2024 1:00,1.2,1.4
1/29/2024 2:00,0.2,0.1
1/29/2024 3:00,-0.1,0.1
1/29/2024 4:00,2.4,2
1/29/2024 5:00,4.2,3.2
1/29/2024 6:00,1.9,2.7
1/29/2024 7:00,1.4,1.4
1/29/2024 8:00,0.6,0.9
1/29/2024 9:00,0.4,0.2
1/29/2024 10:00,0,0
1/29/2024 11:00,0,0
1/29/2024 12:00,0.1,0
1/29/2024 13:00,0,0
1/29/2024 14:00,0,0
1/29/2024 15:00,0.1,0
1/29/2024 16:00,0.3,0
1/29/2024 17:00,0.1,0.3
1/29/2024 18:00,0.2,0.5
1/29/2024 19:00,0.3,0.5
1/29/2024 20:00,0.4,0.5
1/29/2024 21:00,0.4,0.1
1/29/2024 22:00,2,2.1
1/29/2024 23:00,1,1.3
1/30/2024 0:00,0.5,0.8
1/30/2024 1:00,0.1,0
1/30/2024 2:00,-0.1,0
1/30/2024 3:00,0.1,0
1/30/2024 4:00,0.2,0
1/30/2024 5:00,-0.2,0
1/30/2024 6:00,-0.1,0
1/30/2024 7:00,0,0
1/30/2024 8:00,0.7,0.5
1/30/2024 9:00,0,0
1/30/2024 10:00,0.2,0.1
1/30/2024 11:00,0.1,0
1/30/2024 12:00,-0.1,0
1/30/2024 13:00,0,0
1/30/2024 14:00,0,0
1/30/2024 15:00,0.1,0
1/30/2024 16:00,-0.3,0
1/30/2024 17:00,0.3,0
1/30/2024 18:00,-0.4,0
1/30/2024 19:00,0.3,0
1/30/2024 20:00,0,0
1/30/2024 21:00,0.1,0
1/30/2024 22:00,0,0
1/30/2024 23:00,-0.3,0
1/31/2024 0:00,0,0.1
1/31/2024 1:00,1.8,2.6
1/31/2024 2:00,2.8,4
1/31/2024 3:00,1.3,1.6
1/31/2024 4:00,0.8,1.2
1/31/2024 5:00,1.1,1.7
1/31/2024 6:00,1.3,1.8
1/31/2024 7:00,0.5,1.6
1/31/2024 8:00,1,1.9
1/31/2024 9:00,0.8,0.9
1/31/2024 10:00,0.1,0.4
1/31/2024 11:00,-0.3,0.2
1/31/2024 12:00,0.7,0.6
1/31/2024 13:00,0.5,0.8
1/31/2024 14:00,0.4,0.5
1/31/2024 15:00,0.2,0.4
1/31/2024 16:00,0.7,1.2
1/31/2024 17:00,0.2,0.5
1/31/2024 18:00,0.3,0.4
1/31/2024 19:00,0.4,0.2
1/31/2024 20:00,0.5,0.7
1/31/2024 21:00,0,0
1/31/2024 22:00,0,0.1
1/31/2024 23:00,0.1,0
2/1/2024 0:00,0.1,0
2/1/2024 1:00,0.2,0
2/1/2024 2:00,0.7,1
2/1/2024 3:00,1.6,1.4
2/1/2024 4:00,2.4,3.4
2/1/2024 5:00,0.8,1.1
2/1/2024 6:00,0.7,0.7
2/1/2024 7:00,0.1,0.1
2/1/2024 8:00,0.3,0.4
2/1/2024 9:00,-0.4,0
2/1/2024 10:00,0.4,0
2/1/2024 11:00,-0.1,0
2/1/2024 12:00,0.3,0.2
2/1/2024 13:00,0.1,0
2/1/2024 14:00,0.2,0.4
2/1/2024 15:00,0.2,0.1
2/1/2024 16:00,-0.1,0.1
2/1/2024 17:00,0.1,0
2/1/2024 18:00,0.2,0
2/1/2024 19:00,-0.3,0
2/1/2024 20:00,0.2,0
2/1/2024 21:00,-0.2,0
2/1/2024 22:00,0.4,0.2
2/1/2024 23:00,0,0.2
2/2/2024 0:00,0.1,0
2/2/2024 1:00,0,0
2/2/2024 2:00,0.3,0.8
2/2/2024 3:00,0.6,0.5
2/2/2024 4:00,0.3,0.5
2/2/2024 5:00,0.2,0.2
2/2/2024 6:00,0.1,0
2/2/2024 7:00,0,0.1
2/2/2024 8:00,1.6,1.8
2/2/2024 9:00,0.9,0.6
2/2/2024 10:00,0.7,0.9
2/2/2024 11:00,0.9,0.8
2/2/2024 12:00,0.9,1
2/2/2024 13:00,0.2,0.3
2/2/2024 14:00,0.3,0.4
2/2/2024 15:00,-0.1,0
2/2/2024 16:00,0.1,0
2/2/2024 17:00,0.5,0.2
2/2/2024 18:00,3.5,2.6
2/2/2024 19:00,0.9,1.3
2/2/2024 20:00,0.4,0.1
2/2/2024 21:00,1,1.4
2/2/2024 22:00,1.6,1.5
2/2/2024 23:00,0.2,0
2/3/2024 0:00,0.1,0
2/3/2024 1:00,-0.2,0
2/3/2024 2:00,0,0
2/3/2024 3:00,0.2,0
2/3/2024 4:00,-0.2,0
2/3/2024 5:00,-0.1,0
2/3/2024 6:00,0.3,0
2/3/2024 7:00,-0.4,0
2/3/2024 8:00,0.3,0
2/3/2024 9:00,0.2,0
2/3/2024 10:00,0.2,0
2/3/2024 11:00,-0.2,0
2/3/2024 12:00,-0.1,0
2/3/2024 13:00,0.2,0
2/3/2024 14:00,-0.2,0
2/3/2024 15:00,0.2,0
2/3/2024 16:00,-0.2,0
2/3/2024 17:00,0,0
2/3/2024 18:00,0,0
2/3/2024 19:00,-0.2,0
2/3/2024 20:00,0.2,0
2/3/2024 21:00,-0.1,0
2/3/2024 22:00,0.1,0
2/3/2024 23:00,0,0
2/4/2024 0:00,0.2,0
2/4/2024 1:00,-0.2,0
2/4/2024 2:00,0.2,0
2/4/2024 3:00,0,0
2/4/2024 4:00,0.1,0
2/4/2024 5:00,0,0
2/4/2024 6:00,0,0
2/4/2024 7:00,0.2,0
2/4/2024 8:00,-0.2,0
2/4/2024 9:00,0,0
2/4/2024 10:00,0.1,0
2/4/2024 11:00,0.1,0
2/4/2024 12:00,-0.1,0
2/4/2024 13:00,0,0
2/4/2024 14:00,-0.1,0
2/4/2024 15:00,0.1,0
2/4/2024 16:00,-0.2,0
2/4/2024 17:00,-0.1,0
2/4/2024 18:00,-0.1,0
2/4/2024 19:00,0.2,0
2/4/2024 20:00,-0.2,0
2/4/2024 21:00,-0.2,0
2/4/2024 22:00,0.5,0
2/4/2024 23:00,0,0
2/5/2024 0:00,-0.1,0
2/5/2024 1:00,0.1,0
2/5/2024 2:00,0,0
2/5/2024 3:00,0,0
2/5/2024 4:00,0,0
2/5/2024 5:00,0,0
2/5/2024 6:00,0.2,0
2/5/2024 7:00,-0.1,0
2/5/2024 8:00,0.1,0
2/5/2024 9:00,-0.1,0
2/5/2024 10:00,0.4,0
2/5/2024 11:00,-0.2,0
2/5/2024 12:00,-0.2,0
2/5/2024 13:00,0.2,0
2/5/2024 14:00,-0.1,0
2/5/2024 15:00,-0.2,0
2/5/2024 16:00,0,0
2/5/2024 17:00,-0.2,0
2/5/2024 18:00,0,0
2/5/2024 19:00,-0.1,0
2/5/2024 20:00,0.2,0
2/5/2024 21:00,-0.2,0
2/5/2024 22:00,0.1,0
2/5/2024 23:00,0.1,0
2/6/2024 0:00,-0.1,0
2/6/2024 1:00,0,0
2/6/2024 2:00,0.1,0
2/6/2024 3:00,0.1,0
2/6/2024 4:00,-0.3,0
2/6/2024 5:00,0.2,0
2/6/2024 6:00,-0.1,0
2/6/2024 7:00,0.1,0
2/6/2024 8:00,0.1,0
2/6/2024 9:00,-0.2,0
2/6/2024 10:00,0,0
2/6/2024 11:00,0.3,0
2/6/2024 12:00,0.2,0
2/6/2024 13:00,-0.1,0
2/6/2024 14:00,-0.1,0
2/6/2024 15:00,-0.1,0
2/6/2024 16:00,0.1,0
2/6/2024 17:00,-0.5,0
2/6/2024 18:00,0.2,0
2/6/2024 19:00,0.1,0
2/6/2024 20:00,-0.1,0
2/6/2024 21:00,-0.2,0
2/6/2024 22:00,0.1,0
2/6/2024 23:00,-0.2,0
2/7/2024 0:00,0.3,0
2/7/2024 1:00,0,0
2/7/2024 2:00,0.1,0
2/7/2024 3:00,-0.1,0
2/7/2024 4:00,-0.1,0
2/7/2024 5:00,0.5,0
2/7/2024 6:00,-0.4,0
2/7/2024 7:00,-0.1,0
2/7/2024 8:00,0.3,0
2/7/2024 9:00,0,0
2/7/2024 10:00,0.2,0
2/7/2024 11:00,-0.2,0
2/7/2024 12:00,0.3,0
2/7/2024 13:00,-0.3,0
2/7/2024 14:00,-0.2,0
2/7/2024 15:00,0,0
2/7/2024 16:00,0,0
2/7/2024 17:00,-0.1,0
2/7/2024 18:00,0,0
2/7/2024 19:00,0.1,0
2/7/2024 20:00,0.1,0
2/7/2024 21:00,0,0
2/7/2024 22:00,-0.2,0
2/7/2024 23:00,0,0
2/8/2024 0:00,-0.1,0
2/8/2024 1:00,0.2,0
2/8/2024 2:00,-0.1,0
2/8/2024 3:00,0.1,0
2/8/2024 4:00,0,0
2/8/2024 5:00,-0.1,0
2/8/2024 6:00,0,0
2/8/2024 7:00,0.1,0
2/8/2024 8:00,0.1,0
2/8/2024 9:00,-0.1,0
2/8/2024 10:00,0.1,0
2/8/2024 11:00,-0.1,0
2/8/2024 12:00,0.1,0
2/8/2024 13:00,-0.1,0
2/8/2024 14:00,-0.1,0
2/8/2024 15:00,0.2,0
2/8/2024 16:00,-0.2,0
2/8/2024 17:00,0.1,0
2/8/2024 18:00,-0.3,0
2/8/2024 19:00,0.2,0
2/8/2024 20:00,0.2,0
2/8/2024 21:00,-0.3,0
2/8/2024 22:00,-0.1,0
2/8/2024 23:00,0.2,0
2/9/2024 0:00,0,0
2/9/2024 1:00,0,0
2/9/2024 2:00,0.1,0
2/9/2024 3:00,0,0
2/9/2024 4:00,0.2,0
2/9/2024 5:00,-0.1,0
2/9/2024 6:00,0.1,0
2/9/2024 7:00,0.1,0
2/9/2024 8:00,-0.2,0
2/9/2024 9:00,0.2,0
2/9/2024 10:00,0.1,0
2/9/2024 11:00,-0.2,0
2/9/2024 12:00,0.4,0
2/9/2024 13:00,-0.3,0
2/9/2024 14:00,0.3,0
2/9/2024 15:00,-0.4,0
2/9/2024 16:00,-0.1,0
2/9/2024 17:00,-0.1,0
2/9/2024 18:00,0,0
2/9/2024 19:00,-0.1,0
2/9/2024 20:00,0,0
2/9/2024 21:00,0.1,0
2/9/2024 22:00,0.2,0
2/9/2024 23:00,-0.4,0
2/10/2024 0:00,0.3,0
2/10/2024 1:00,-0.1,0
2/10/2024 2:00,0.2,0
2/10/2024 3:00,-0.1,0
2/10/2024 4:00,0,0
2/10/2024 5:00,0.4,0
2/10/2024 6:00,-0.2,0
2/10/2024 7:00,-0.1,0
2/10/2024 8:00,0.1,0
2/10/2024 9:00,0,0
2/10/2024 10:00,0.1,0
2/10/2024 11:00,-0.1,0
2/10/2024 12:00,0.2,0
2/10/2024 13:00,-0.3,0
2/10/2024 14:00,-0.1,0
2/10/2024 15:00,0.2,0.3
2/10/2024 16:00,0.1,0
2/10/2024 17:00,0.1,0.1
2/10/2024 18:00,0.4,0.3
2/10/2024 19:00,0.2,0.3
2/10/2024 20:00,0,0.2
2/10/2024 21:00,0.3,0.2
2/10/2024 22:00,0.6,0.3
2/10/2024 23:00,-0.1,0.3
2/11/2024 0:00,0.7,0.5
2/11/2024 1:00,1.3,1.2
2/11/2024 2:00,0.6,0.9
2/11/2024 3:00,1.5,1.1
2/11/2024 4:00,1.4,1.3
2/11/2024 5:00,2.3,2.4
2/11/2024 6:00,2.8,2.8
2/11/2024 7:00,4.5,3.4
2/11/2024 8:00,4.3,4.4
2/11/2024 9:00,4.6,4
2/11/2024 10:00,3.7,3
2/11/2024 11:00,3.8,4.6
2/11/2024 12:00,2.4,2
2/11/2024 13:00,2,0.9
2/11/2024 14:00,1.3,0.7
2/11/2024 15:00,3.1,1.5
2/11/2024 16:00,1.7,1.2
2/11/2024 17:00,1.1,0.1
2/11/2024 18:00,2.1,1.3
2/11/2024 19:00,1,0.3
2/11/2024 20:00,2.5,2.5
2/11/2024 21:00,3,1.2
2/11/2024 22:00,1.4,1
2/11/2024 23:00,3.6,3.9
2/12/2024 0:00,2.8,3
2/12/2024 1:00,4.2,3.7
2/12/2024 2:00,3.6,3
2/12/2024 3:00,1.4,1.2
2/12/2024 4:00,0.7,0.7
2/12/2024 5:00,0.5,0.5
2/12/2024 6:00,1.2,1.1
2/12/2024 7:00,0.5,0.3
2/12/2024 8:00,0.2,0.1
2/12/2024 9:00,-0.4,0
2/12/2024 10:00,0.4,0
2/12/2024 11:00,-0.1,0
2/12/2024 12:00,0.2,0
2/12/2024 13:00,-0.3,0
2/12/2024 14:00,-0.1,0
2/12/2024 15:00,0.3,0
2/12/2024 16:00,-0.4,0
2/12/2024 17:00,-0.2,0
2/12/2024 18:00,-0.1,0
2/12/2024 19:00,-0.2,0
2/12/2024 20:00,0.5,0
2/12/2024 21:00,-0.2,0
2/12/2024 22:00,0.2,0
2/12/2024 23:00,0.1,0
2/13/2024 0:00,-0.1,0
2/13/2024 1:00,0.1,0
2/13/2024 2:00,0.2,0
2/13/2024 3:00,-0.2,0
2/13/2024 4:00,0,0
2/13/2024 5:00,0.3,0
2/13/2024 6:00,-0.1,0
2/13/2024 7:00,0.1,0
2/13/2024 8:00,0,0
2/13/2024 9:00,-0.1,0
2/13/2024 10:00,0.1,0
2/13/2024 11:00,0.2,0
2/13/2024 12:00,-0.2,0
2/13/2024 13:00,0.3,0
2/13/2024 14:00,-0.3,0
2/13/2024 15:00,-0.3,0
2/13/2024 16:00,0,0
2/13/2024 17:00,-0.1,0
2/13/2024 18:00,-0.1,0
2/13/2024 19:00,0.2,0
2/13/2024 20:00,-0.1,0
2/13/2024 21:00,0.3,0
2/13/2024 22:00,-0.1,0
2/13/2024 23:00,0.1,0
2/14/2024 0:00,-0.2,0
2/14/2024 1:00,0.1,0
2/14/2024 2:00,0.1,0
2/14/2024 3:00,0,0
2/14/2024 4:00,0.1,0
2/14/2024 5:00,-0.1,0
2/14/2024 6:00,0.2,0
2/14/2024 7:00,0,0
2/14/2024 8:00,0.3,0
2/14/2024 9:00,-0.3,0
2/14/2024 10:00,0.2,0
2/14/2024 11:00,-0.2,0
2/14/2024 12:00,0.2,0
2/14/2024 13:00,0.1,0
2/14/2024 14:00,-0.2,0
2/14/2024 15:00,0,0
2/14/2024 16:00,-0.1,0
2/14/2024 17:00,-0.3,0
2/14/2024 18:00,0.1,0
2/14/2024 19:00,-0.1,0
2/14/2024 20:00,-0.1,0
2/14/2024 21:00,0.2,0
2/14/2024 22:00,-0.2,0
2/14/2024 23:00,0.2,0
2/15/2024 0:00,0,0
2/15/2024 1:00,0,0
2/15/2024 2:00,0.1,0
2/15/2024 3:00,0.2,0
2/15/2024 4:00,-0.2,0
2/15/2024 5:00,0.1,0
2/15/2024 6:00,0,0
2/15/2024 7:00,-0.3,0
2/15/2024 8:00,0.1,0
2/15/2024 9:00,0.1,0
2/15/2024 10:00,-0.1,0
2/15/2024 11:00,-0.1,0
2/15/2024 12:00,0.2,0
2/15/2024 13:00,0,0
2/15/2024 14:00,0,0
2/15/2024 15:00,-0.2,0
2/15/2024 16:00,0,0
2/15/2024 17:00,-0.3,0
2/15/2024 18:00,0,0
2/15/2024 19:00,0,0
2/15/2024 20:00,0.2,0
2/15/2024 21:00,-0.1,0
2/15/2024 22:00,0.2,0
2/15/2024 23:00,0.1,0
2/16/2024 0:00,-0.2,0
2/16/2024 1:00,0.2,0
2/16/2024 2:00,0.3,0
2/16/2024 3:00,-0.1,0
2/16/2024 4:00,0.1,0
2/16/2024 5:00,0,0
2/16/2024 6:00,0.1,0
2/16/2024 7:00,0,0
2/16/2024 8:00,-0.2,0
2/16/2024 9:00,-0.1,0
2/16/2024 10:00,0.2,0
2/16/2024 11:00,0.2,0
2/16/2024 12:00,0.1,0
2/16/2024 13:00,0,0
2/16/2024 14:00,-0.2,0
2/16/2024 15:00,-0.1,0
2/16/2024 16:00,-0.1,0
2/16/2024 17:00,-0.4,0
2/16/2024 18:00,0,0
2/16/2024 19:00,0,0
2/16/2024 20:00,0.1,0
2/16/2024 21:00,-0.1,0
2/16/2024 22:00,0.2,0
2/16/2024 23:00,-0.3,0
2/17/2024 0:00,0.1,0
2/17/2024 1:00,0.1,0
2/17/2024 2:00,0.2,0
2/17/2024 3:00,0,0
2/17/2024 4:00,-0.2,0
2/17/2024 5:00,0.2,0
2/17/2024 6:00,-0.1,0
2/17/2024 7:00,0.1,0
2/17/2024 8:00,-0.2,0
2/17/2024 9:00,0.2,0
2/17/2024 10:00,-0.2,0
2/17/2024 11:00,0.5,0
2/17/2024 12:00,-0.2,0
2/17/2024 13:00,0,0
2/17/2024 14:00,0,0
2/17/2024 15:00,0.1,0
2/17/2024 16:00,-0.2,0
2/17/2024 17:00,0,0
2/17/2024 18:00,-0.3,0
2/17/2024 19:00,0.1,0
2/17/2024 20:00,-0.1,0
2/17/2024 21:00,0.1,0
2/17/2024 22:00,0,0
2/17/2024 23:00,0.1,0
2/18/2024 0:00,-0.2,0
2/18/2024 1:00,-0.1,0
2/18/2024 2:00,0.1,0
2/18/2024 3:00,0.2,0
2/18/2024 4:00,-0.1,0
2/18/2024 5:00,0.1,0
2/18/2024 6:00,-0.2,0
2/18/2024 7:00,0.1,0
2/18/2024 8:00,0.3,0
2/18/2024 9:00,-0.3,0
2/18/2024 10:00,0.1,0
2/18/2024 11:00,0.2,0
2/18/2024 12:00,-0.2,0
2/18/2024 13:00,-0.2,0
2/18/2024 14:00,0.1,0
2/18/2024 15:00,0,0
2/18/2024 16:00,-0.1,0
2/18/2024 17:00,0.1,0
2/18/2024 18:00,0,0
2/18/2024 19:00,-0.1,0
2/18/2024 20:00,-0.1,0
2/18/2024 21:00,-0.1,0
2/18/2024 22:00,0,0
2/18/2024 23:00,0.2,0
2/19/2024 0:00,-0.1,0
2/19/2024 1:00,0,0
2/19/2024 2:00,0.1,0
2/19/2024 3:00,-0.1,0
2/19/2024 4:00,0.1,0
2/19/2024 5:00,0.1,0
2/19/2024 6:00,-0.1,0
2/19/2024 7:00,0.2,0
2/19/2024 8:00,0,0
2/19/2024 9:00,0.1,0
2/19/2024 10:00,0,0
2/19/2024 11:00,0.1,0
2/19/2024 12:00,-0.1,0
2/19/2024 13:00,0,0
2/19/2024 14:00,-0.1,0
2/19/2024 15:00,-0.3,0
2/19/2024 16:00,0.2,0
2/19/2024 17:00,-0.2,0
2/19/2024 18:00,-0.2,0
2/19/2024 19:00,0.2,0.2
2/19/2024 20:00,0.4,0.4
2/19/2024 21:00,0.4,0.4
2/19/2024 22:00,0.5,0.4
2/19/2024 23:00,0.2,0.4
2/20/2024 0:00,0.6,0.1
2/20/2024 1:00,0.3,0.6
2/20/2024 2:00,-0.2,0
2/20/2024 3:00,0.3,0
2/20/2024 4:00,-0.1,0
2/20/2024 5:00,0.3,0.2
2/20/2024 6:00,-0.1,0
2/20/2024 7:00,0.2,0
2/20/2024 8:00,0.2,0.4
2/20/2024 9:00,0.1,0.1
2/20/2024 10:00,0.4,0.6
2/20/2024 11:00,0,0.3
2/20/2024 12:00,1.8,1.7
2/20/2024 13:00,0.3,0.4
2/20/2024 14:00,0.4,0.3
2/20/2024 15:00,0.1,0
2/20/2024 16:00,0,0
2/20/2024 17:00,0.3,0.1
2/20/2024 18:00,-0.3,0
2/20/2024 19:00,0.6,0.1
2/20/2024 20:00,0.1,0.1
2/20/2024 21:00,0.9,1.2
2/20/2024 22:00,0.6,0.3
2/20/2024 23:00,0.6,0.2
2/21/2024 0:00,0.5,0.5
2/21/2024 1:00,1.1,1.5
2/21/2024 2:00,0.6,0.5
2/21/2024 3:00,0.7,0.4
2/21/2024 4:00,0.3,0.2
2/21/2024 5:00,0.1,0.1
2/21/2024 6:00,0.3,0.2
2/21/2024 7:00,0.7,0.5
2/21/2024 8:00,0.7,0.8
2/21/2024 9:00,0.3,0.3
2/21/2024 10:00,0.6,0.4
2/21/2024 11:00,0.2,0.3
2/21/2024 12:00,0.6,0.3
2/21/2024 13:00,0.4,0.3
2/21/2024 14:00,0.4,0.4
2/21/2024 15:00,0.3,0.5
2/21/2024 16:00,1.7,0.6
2/21/2024 17:00,0.3,0.1
2/21/2024 18:00,0,0
2/21/2024 19:00,0.4,0.2
2/21/2024 20:00,0,0
2/21/2024 21:00,0.6,0.1
2/21/2024 22:00,0.5,0.7
2/21/2024 23:00,0.5,0.3
2/22/2024 0:00,0.4,0.3
2/22/2024 1:00,0.9,0.1
2/22/2024 2:00,-0.2,0
2/22/2024 3:00,0.9,0.4
2/22/2024 4:00,1,0
2/22/2024 5:00,1.8,0.1
2/22/2024 6:00,1.5,1.2
2/22/2024 7:00,3.7,2.3
